<configuration>

<!-- 1.uloha - Prvý bude logovať error hlášky do súboru a zálohovať sa bude každý týždeň. -->
    <appender name="FILE1" class="ch.qos.logback.core.RollingFileAppender">
        <file>logy1.log</file>
		
		<rollingPolicy class="ch.qos.logback.core.rolling.TimeBasedRollingPolicy">
            <fileNamePattern>log%d{yyyy-MM-ww}.log</fileNamePattern>
        </rollingPolicy>

        <encoder>
            <pattern>%level [%thread] %logger{10} [%file:%line] %msg%n</pattern>
        </encoder>
		
    </appender>
	
<!-- 2.uloha - Druhý bude logovať debug hlášky do súboru a zálohovať sa bude každý deň, históriu uchovaj po 30 dní. -->
	<appender name="FILE2" class="ch.qos.logback.core.RollingFileAppender">
        <file>logy2.log</file>
		
		 <rollingPolicy class="ch.qos.logback.core.rolling.TimeBasedRollingPolicy">
            <fileNamePattern>log%d{yyyy-MM-dd}.log</fileNamePattern>
			<maxHistory>30</maxHistory>
        </rollingPolicy>

        <encoder>
            <pattern>%level [%thread] %logger{10} [%file:%line] %msg%n</pattern>
        </encoder>
		
    </appender>
	
<!-- 3.uloha - Tretí bude logovať všetky hlášky do súboru, zálohovať sa bude každý deň, plus v názve súboru bude tvoje meno, ktoré sa bude generovať ako premenná.-->

<!-- Odkaz na premennú USER_NAME sa nachádza v samostatnom súbore s názvom logbacknastavenia.properties -->
	<property resource="logbacknastavenia.properties" />

	<appender name="FILE3" class="ch.qos.logback.core.RollingFileAppender">
         <file>${USER_NAME}/logy3.log</file>
		
		 <rollingPolicy class="ch.qos.logback.core.rolling.TimeBasedRollingPolicy">
            <fileNamePattern>log%d{yyyy-MM-dd}.log</fileNamePattern>
        </rollingPolicy>

        <encoder>
            <pattern>%level [%thread] %logger{10} [%file:%line] %msg%n</pattern>
        </encoder>
		
    </appender>

<!-- 1.uloha -->
    <logger name="sk.stefanlevoca.model" level="ERROR">
        <appender-ref ref="FILE1"/>
    </logger>
	
<!-- 2.uloha -->
	<logger name="sk.stefanlevoca.model" level="DEBUG">
        <appender-ref ref="FILE2"/>
    </logger>
	
<!-- 3.uloha -->
	<logger name="sk.stefanlevoca.model" level="ALL">
        <appender-ref ref="FILE3"/>
    </logger>

    <root level="INFO">
	<!-- 1.uloha -->
        <appender-ref ref="FILE1"/>
		
	<!-- 2.uloha -->
		<appender-ref ref="FILE2"/>
		
	<!-- 3.uloha -->
		<appender-ref ref="FILE3"/>
    </root>

</configuration>